path	head	branch	origin	worktree
.	9f6fd3373b3309bcdfb7e316ff478021f531d28f	DETACHED	git@github.com:darling-next/darling	clean
docs/darling-docs	14c841ef3df319254ef5ac291f828f27048a6579	DETACHED	git@github.com:darlinghq/darling-docs	clean
src/external/AvailabilityVersions	e28c029a8fa46fa933cbf6d6d9a1c00978c5fad1	DETACHED	git@github.com:darlinghq/darling-AvailabilityVersions	clean
src/external/BerkeleyDB	1411173f0eb71f96ab6134de4e052d16acb8c673	DETACHED	git@github.com:darlinghq/darling-BerkeleyDB	clean
src/external/DSTools	e015256b16965ac032412f2277c608c7213c03b3	DETACHED	git@github.com:darlinghq/darling-DSTools	clean
src/external/DirectoryService	feb9742f574ab812a210634fd3997f19b645095f	DETACHED	git@github.com:darlinghq/darling-DirectoryService	clean
src/external/Heimdal	94a5c2feff43fb6661e10721d52a9c350c84bbb0	DETACHED	git@github.com:darlinghq/darling-Heimdal	clean
src/external/IOKitTools	df58be2f134f7adbdd3c760a165ad3501ee82fb5	DETACHED	git@github.com:darlinghq/darling-IOKitTools	clean
src/external/IOKitUser	9843fd575a87926ab3cd3ee011215b97e90c1006	DETACHED	git@github.com:darlinghq/darling-iokituser	clean
src/external/IOKitUser/darling/submodules/IOGraphics	905186151d713259296f3ae9458195a7097ea323	DETACHED	git@github.com:darlinghq/darling-IOGraphics	clean
src/external/IOKitUser/darling/submodules/IOHIDFamily	189e98e32092d5f5a2c365cc85fd36ac7da2d371	DETACHED	git@github.com:darlinghq/darling-IOHIDFamily	clean
src/external/IONetworkingFamily	28afb431947b8e8dbbb120db7632ba6de229bf23	DETACHED	git@github.com:darlinghq/darling-IONetworkingFamily	clean
src/external/IOStorageFamily	33178aef923d9c99f1819db2ada253054f4dd812	DETACHED	git@github.com:darlinghq/darling-iostoragefamily	clean
src/external/JavaScriptCore	93410cc0dbc7a961d58d048c151117acdb18a566	DETACHED	git@github.com:darlinghq/darling-JavaScriptCore	clean
src/external/Libinfo	9ef680edcd31158f23efbbf853868b5f5432d047	DETACHED	git@github.com:darlinghq/darling-Libinfo	clean
src/external/MITKerberosShim	39c014d0c54f9ae922be0d697aa6cc1b19c117b6	DETACHED	git@github.com:darlinghq/darling-MITKerberosShim	clean
src/external/OpenAL	7c60cf7109b7a3a8f5d41ed8b84d340a8d768525	DETACHED	git@github.com:darlinghq/darling-openal	clean
src/external/OpenDirectory	750636a898284fb392a10603ac7894658b632678	DETACHED	git@github.com:darlinghq/darling-opendirectory	clean
src/external/OpenLDAP	3b15390bbcad8234aabb3246b0552105b17118d0	DETACHED	git@github.com:darlinghq/darling-openldap	clean
src/external/SecurityTokend	c826860db4061667af6f0c3aa55282aab0924e1a	DETACHED	git@github.com:darlinghq/darling-SecurityTokend	clean
src/external/SmartCardServices	ec53ce56972565047a716ab166176f203f520393	DETACHED	git@github.com:darlinghq/darling-SmartCardServices	clean
src/external/TextEdit	99ec72a94dab166eefa264e9802ebd0d80aca845	DETACHED	git@github.com:darlinghq/darling-TextEdit	clean
src/external/WTF	88a36e496a6f285a9e15140c2c431b817bae353b	DETACHED	git@github.com:darlinghq/darling-WTF	clean
src/external/WebCore	47fac4c8130ea9afc9b9df68c81ade56ca7ea57e	DETACHED	git@github.com:darlinghq/darling-WebCore	clean
src/external/adv_cmds	56dcf5ebeb822650d7929f666be58544b2391f6e	DETACHED	git@github.com:darlinghq/darling-adv_cmds	clean
src/external/apr	5aa6eba89e497a67f1b9db7842371141a8616674	DETACHED	git@github.com:darlinghq/darling-apr	clean
src/external/architecture	63162c4744e9bd07673d4c29f8825f105f670e44	DETACHED	git@github.com:darlinghq/darling-architecture	clean
src/external/awk	5d46e527461bce5fa10b89320a1c6ce5f1ae38b6	DETACHED	git@github.com:darlinghq/darling-awk	clean
src/external/bash	b6f335bb607258172356bb47c489230d479e55b0	DETACHED	git@github.com:darlinghq/darling-bash	clean
src/external/basic_cmds	b1ed4f0f6a981590542071d8b36535cf3e441be0	DETACHED	git@github.com:darlinghq/darling-basic_cmds	clean
src/external/bc	666e93c8223f509ae9c3c69e3c20af45d49a749c	DETACHED	git@github.com:darlinghq/darling-bc	clean
src/external/bind9	7542d50b3087edb4a46a2bdb11ba75034aa2bffa	DETACHED	git@github.com:darlinghq/darling-bind9	clean
src/external/bmalloc	66c88bc0b977ef843a9eaa706d586d9cec2608da	DETACHED	git@github.com:darlinghq/darling-bmalloc	clean
src/external/bootstrap_cmds	0f300a7a04bb1174a3b7db58b57d738aadc14e13	DETACHED	git@github.com:darlinghq/darling-bootstrap_cmds	clean
src/external/bsm	bec0dd61bb07469d1fcb3985822d350abc9934f7	DETACHED	git@github.com:darlinghq/darling-bsm	clean
src/external/bzip2	dc8c6839093afed1f288715260d32314ad362084	DETACHED	git@github.com:darlinghq/darling-bzip2	clean
src/external/cctools	8777b6dc7c4de87087c028e17db075795b3684d3	DETACHED	git@github.com:darlinghq/darling-cctools	clean
src/external/cctools-port	d9456c221e1f462e17c0b3297748bc089d5a861e	DETACHED	git@github.com:darlinghq/cctools-port	clean
src/external/cfnetwork	e7e3db881008d883f82914765a72ce842bcba735	DETACHED	git@github.com:darlinghq/darling-cfnetwork	clean
src/external/cocotron	3feab339b091e51365687773d759da7cdc5fb117	DETACHED	git@github.com:darlinghq/darling-cocotron	clean
src/external/commoncrypto	910de477aac2c7af4cb2cc50e909f9b559502090	DETACHED	git@github.com:darlinghq/darling-commoncrypto	clean
src/external/compiler-rt	5fd9bc0effa307b99b35da59ce579e8e031c22da	DETACHED	git@github.com:darlinghq/darling-compiler-rt	clean
src/external/configd	98e52de19c52f7938e581ed20385f38abd7fa197	DETACHED	git@github.com:darlinghq/darling-configd	clean
src/external/copyfile	ed6094c9a2f8ba19aa55b7b504c3665797078e8f	DETACHED	git@github.com:darlinghq/darling-copyfile	clean
src/external/corecrypto	6868755769326c13c6cdb2b0689deb5731a932e3	DETACHED	git@github.com:darlinghq/darling-corecrypto	clean
src/external/corecrypto/tests/ctest	4c49efda86692f5cad36bb32b53be63efcea6664	DETACHED	git@github.com:darlinghq/ctest	clean
src/external/corefoundation	9eff764d957188d555f98b6f251605512c6b50aa	DETACHED	git@github.com:darlinghq/darling-corefoundation	clean
src/external/corefoundation/submodules/swift-corelibs-foundation	ea1ea0bb416025a8cc5a282df03c2e8f12788e2d	DETACHED	git@github.com:darlinghq/darling-swift-corelibs-foundation	clean
src/external/coretls	b61a4f075726e7d5ef4652033f8d7b829c008d06	DETACHED	git@github.com:darlinghq/darling-coretls	clean
src/external/crontabs	b5bc00d2a75f6c622976e2ebbe244fb2d7d602ea	DETACHED	git@github.com:darlinghq/darling-crontabs	clean
src/external/csu	93b25cf0930a727b44fa50893bffd71056ad032f	DETACHED	git@github.com:darlinghq/darling-Csu	clean
src/external/cups	51b7c251ef5ff81adc20284544394de8cc2e1315	DETACHED	git@github.com:darlinghq/darling-cups	clean
src/external/curl	92f54fd7eceabed2c2382a4acc0f7293dedd92ff	DETACHED	git@github.com:darlinghq/darling-curl	clean
src/external/darling-dmg	1a6de10c5886c40a414090701b2520bd0417ce29	DETACHED	git@github.com:darlinghq/darling-dmg	clean
src/external/darlingserver	be0d64766957a06fa880632e7622bbf73b2813d4	DETACHED	git@github.com:darling-next/darlingserver	clean
src/external/dbuskit	890e51fda949e4dd2c46765e39074f790c10ca18	DETACHED	git@github.com:darlinghq/darling-dbuskit	clean
src/external/doc_cmds	60c6a2b858abe1f27b441f479aad2b0a9d0f9ba2	DETACHED	git@github.com:darlinghq/darling-doc_cmds	clean
src/external/dtrace	4f52343b36756e32a81eb302242ac6472e9075fa	DETACHED	git@github.com:darlinghq/darling-dtrace	clean
src/external/dyld	7f0fd6d9672b08bfcab9fe53453d565f5f6eb7c7	DETACHED	git@github.com:darling-next/darling-dyld	clean
src/external/energytrace	e277fcfd430ddab2d8b52187cf480f2857629104	DETACHED	git@github.com:darlinghq/darling-energytrace	clean
src/external/expat	70006a0c32d7c8653c11e53fc0c905f1bb498218	DETACHED	git@github.com:darlinghq/darling-expat	clean
src/external/file	c6ee65265d253d24b1a496f8ca54b5e449fe108c	DETACHED	git@github.com:darlinghq/darling-file	clean
src/external/file_cmds	c0d72b5c98888a9d8e0b73cf8aac0df908e615f2	DETACHED	git@github.com:darlinghq/darling-file_cmds	clean
src/external/files	1c45a50ae0d6ca5bbb8b01d2b588f52bc0e39263	DETACHED	git@github.com:darlinghq/darling-files	clean
src/external/fmdb	ad2fdd660d02c24b262d64d7d23d3d4645768f44	DETACHED	git@github.com:darlinghq/fmdb	clean
src/external/foundation	416872a2026c226c51a40d7cf9b9f27d18fa0816	DETACHED	git@github.com:darlinghq/darling-foundation	clean
src/external/glut	b53a2d8f0c6dc0c2052aef410a120d14ee553056	DETACHED	git@github.com:darlinghq/darling-glut	clean
src/external/gnudiff	ae0ab716658296164a032be7406f082cdc31c954	DETACHED	git@github.com:darlinghq/darling-gnudiff	clean
src/external/gnutar	1414bc8a8bd2e9dae701831e749febe2e2e84d68	DETACHED	git@github.com:darlinghq/darling-gnutar	clean
src/external/gpatch	49acc897e8cb832a26b7ac4d2f7db51d3c6ba037	DETACHED	git@github.com:darlinghq/darling-gpatch	clean
src/external/grep	62d70fada3a01de87aff927a86b8df0f7f2a837a	DETACHED	git@github.com:darlinghq/darling-grep	clean
src/external/groff	10dd5a6be4915a99065bc15dfc6b6b1e9e1a2714	DETACHED	git@github.com:darlinghq/darling-groff	clean
src/external/icu	6b609b2b0ce9a620543f357de4e549f09afec4ea	DETACHED	git@github.com:darlinghq/darling-icu	clean
src/external/installer	bb68430c98dd295c6f3a91c4a4796be99cf92423	DETACHED	git@github.com:darling-next/darling-installer	clean
src/external/iokitd	5549ac4cd2db923c256f016a1381b3bfb716730a	DETACHED	git@github.com:darlinghq/darling-iokitd	clean
src/external/keymgr	43b4230aec2e9018b0ffd3069b8b23a34ba257fb	DETACHED	git@github.com:darlinghq/darling-keymgr	clean
src/external/less	a6bc77c8e72aaa35da92b903172a70eaa4ef78fa	DETACHED	git@github.com:darlinghq/darling-less	clean
src/external/libarchive	998d739c602a1b35e2377ec9161e9c13d1d8604d	DETACHED	git@github.com:darlinghq/darling-libarchive	clean
src/external/libauto	2be7312b25736a8e9fc12058d63cbb79eb5f4e25	DETACHED	git@github.com:darlinghq/darling-libauto	clean
src/external/libc	5a38c8dabf9e76b39407c24bc13134e33e5594e6	DETACHED	git@github.com:darlinghq/darling-Libc	clean
src/external/libclosure	b4122f19c89512d9e930259a85c5f2674eff2b2b	DETACHED	git@github.com:darlinghq/darling-libclosure	clean
src/external/libcxx	c47677d3ba33bdabbfb07e75f531831579355a2d	DETACHED	git@github.com:darlinghq/darling-libcxx	clean
src/external/libcxxabi	c9c851718eb304a9aefa097aeaaf8c3bd1dff1bc	DETACHED	git@github.com:darlinghq/darling-libcxxabi	clean
src/external/libdispatch	380f03c180b80d940134fb35783ddc714784a53a	DETACHED	git@github.com:darlinghq/darling-libdispatch	clean
src/external/libedit	f9b44b8541614e33b09451fc2847f7e30bfb9b70	DETACHED	git@github.com:darlinghq/darling-libedit	clean
src/external/libffi	c796ec121cfd950aa5cc901ea47854a8431948ac	DETACHED	git@github.com:darlinghq/darling-libffi	clean
src/external/libiconv	0d6f47d33a7cc97e468e864099fff74875b41937	DETACHED	git@github.com:darlinghq/darling-libiconv	clean
src/external/libkqueue	660ebc3ae078a264503f1f54a9b76f65d46bfe2f	DETACHED	git@github.com:darling-next/darling-libkqueue	clean
src/external/liblzma	855ebc93f8208ae4b6e77a018d4ba4a4be4d2ab7	DETACHED	git@github.com:darlinghq/darling-liblzma	clean
src/external/libmalloc	8c3d3863f2add948cbcb9667a8fb767969a2d688	DETACHED	git@github.com:darling-next/darling-libmalloc	clean
src/external/libnetwork	56c5fad43f24a40d8ca7f8a1d0badedfeaf7e64e	DETACHED	git@github.com:darlinghq/darling-libnetwork	clean
src/external/libnotify	98156d3f847a3ced6c5f52c12a889047bc4f9b20	DETACHED	git@github.com:darlinghq/darling-Libnotify	clean
src/external/libplatform	300fba26032d9e78287f69f4ca02ef79fd80913c	DETACHED	git@github.com:darling-next/darling-libplatform	clean
src/external/libpthread	8fd9324b044470a6f659f02477785df2c89160eb	DETACHED	git@github.com:darling-next/darling-libpthread	clean
src/external/libresolv	cf955392e5449efb269b8b3510c755085fd36a2d	DETACHED	git@github.com:darlinghq/darling-libresolv	clean
src/external/libressl-2.2.9	c5e9edb9d82ccf5fde5d8ae32b162fec8fe11318	DETACHED	git@github.com:darlinghq/darling-libressl	clean
src/external/libressl-2.5.5	1f663b5bdc9082178717c080e4728fe3e7084de4	DETACHED	git@github.com:darlinghq/darling-libressl	clean
src/external/libressl-2.6.5	30826df38d7c0f416158a94e0112c928188e0327	DETACHED	git@github.com:darlinghq/darling-libressl	clean
src/external/libressl-2.8.3	45f14a83115947ba36a33572e29975a8dd811eb5	DETACHED	git@github.com:darling-next/darling-libressl	clean
src/external/librpcsvc	0cc1d42e53c61446616719597e96b29aeda51eb3	DETACHED	git@github.com:darlinghq/darling-librpcsvc	clean
src/external/libstdcxx	73eb757fe23170c372bef17d6de41787c1271c80	DETACHED	git@github.com:darlinghq/darling-libstdcxx	clean
src/external/libsystem	08df454b6eb0df9400aa4c39839a7efd6efd2c3c	DETACHED	git@github.com:darlinghq/darling-Libsystem	clean
src/external/libtelnet	1ebd4eef48d06e6411ed2a0f60ba5d3fce5ab455	DETACHED	git@github.com:darlinghq/darling-libtelnet	clean
src/external/libtrace	8cf07f02b15f7dca6436882a03678fff0392eaf6	DETACHED	git@github.com:darlinghq/darling-libtrace	clean
src/external/libunwind	d5fbc8180ea2e06efa693ee03a768e532a98671f	DETACHED	git@github.com:darlinghq/darling-libunwind	clean
src/external/libutil	e3782a467c248c8d181aba1200ee0642abb65baf	DETACHED	git@github.com:darlinghq/darling-libutil	clean
src/external/libxml2	d4f2967c8ca84a23a886978098c0520fe2963b92	DETACHED	git@github.com:darlinghq/darling-libxml2	clean
src/external/libxpc	394e033333d3c253a12f08a99090c113b0917d00	DETACHED	git@github.com:darlinghq/darling-libxpc	clean
src/external/libxpc/test/ctest	cd46041baf3f131fe74032967566c7321adcaa01	DETACHED	git@github.com:darlinghq/ctest	clean
src/external/libxslt	50d22bd5b761a1885009b690e48d858ff73e768b	DETACHED	git@github.com:darlinghq/darling-libxslt	clean
src/external/lzfse	451f291743bb919cb1b78ced4110402fca52cf97	DETACHED	git@github.com:darlinghq/lzfse	clean
src/external/mDNSResponder	7e38ef562b4f3d41bffabb3e30d844d8042d3bbd	DETACHED	git@github.com:darlinghq/darling-mDNSResponder	clean
src/external/mail_cmds	4afbcf4b9b8a6c33acaf7e9025e51ce72b3725a7	DETACHED	git@github.com:darlinghq/darling-mail_cmds	clean
src/external/man	9af6690f3c7c3c713bb0a20ba1163d3c4278257d	DETACHED	git@github.com:darlinghq/darling-man	clean
src/external/metal	ae20248dc144beab899e38752f5a530f28a0ea56	DETACHED	git@github.com:darlinghq/darling-metal	clean
src/external/metal/deps/indium	8423a7d2f053167030d2bc4a227f96243c740667	DETACHED	git@github.com:darlinghq/indium	clean
src/external/misc_cmds	85b24ec0e2625d75e7ee75b597b9134a49d18b1f	DETACHED	git@github.com:darlinghq/darling-misc_cmds	clean
src/external/nano	7514f5f1115fffedd8fc2095107ca86ff82c54d6	DETACHED	git@github.com:darlinghq/darling-nano	clean
src/external/ncurses	4cc72a9a1bce214593c10811b0154a8d51db0239	DETACHED	git@github.com:darlinghq/darling-ncurses	clean
src/external/netcat	fd29177d56d84f88406e33784c327ebabfe7be58	DETACHED	git@github.com:darlinghq/darling-netcat	clean
src/external/network_cmds	9a0a90e2021ecdde91986b91f65a236eda158023	DETACHED	git@github.com:darlinghq/darling-network_cmds	clean
src/external/nghttp2	1a1853837b4350d4393bd25e1e4cb6018ab2d918	DETACHED	git@github.com:darlinghq/darling-nghttp2	clean
src/external/nghttp2/third-party/mruby	7c91efc1ffda769a5f1a872c646c82b00698f1b8	DETACHED	git@github.com:mruby/mruby	clean
src/external/nghttp2/third-party/neverbleed	b967ca054f48a36f82d8fcdd32e54ec5144f2751	DETACHED	git@github.com:darling-next/neverbleed	clean
src/external/objc4	53342cec3dcc9cde6dd1aa935bbe26d88c3e5aa8	DETACHED	git@github.com:darling-next/darling-objc4	clean
src/external/openjdk	5a541c1844a9508e48b3addaf2d38775683abb38	DETACHED	git@github.com:darlinghq/openjdk	clean
src/external/openpam	8362545bac04032fcf59287cd66e6f4662a3692b	DETACHED	git@github.com:darlinghq/darling-openpam	clean
src/external/openpam/darling/submodules/pam_modules	241bbee0da845d1dfebc747b16a62aaed22f165b	DETACHED	git@github.com:darlinghq/darling-pam_modules	clean
src/external/openssh	9137305e5793d31124bcf2fdf0c6fa28c2e3e812	DETACHED	git@github.com:darlinghq/darling-openssh	clean
src/external/openssl	dc7bf84efa5a0befa0d970d4d5177853ac448d6f	DETACHED	git@github.com:darlinghq/darling-openssl	clean
src/external/openssl_certificates	cca4f47e3ca18b58961157ef0ec6a6fc135b8cd2	DETACHED	git@github.com:darlinghq/darling-openssl_certificates	clean
src/external/passwordserver_sasl	794093ece0203718ce5da5645a689b5c6e766208	DETACHED	git@github.com:darlinghq/darling-passwordserver_sasl	clean
src/external/patch_cmds	0670c7fbadfd715ac78d5476552788416cad0020	DETACHED	git@github.com:darlinghq/darling-patch_cmds	clean
src/external/pcre	6f67e33869a2b08da9465034c41e64e16fc7faf9	DETACHED	git@github.com:darlinghq/darling-pcre	clean
src/external/perl	6c27f05a29fa6dc76fd14e485c4a76f100e6be3e	DETACHED	git@github.com:darling-next/darling-perl	clean
src/external/pyobjc	c0912a6c46c25e958eeb70f47f046b5a55ebb387	DETACHED	git@github.com:darlinghq/darling-pyobjc	clean
src/external/python	4856509729cc320006a1235291e47408cd7b13ce	DETACHED	git@github.com:darlinghq/darling-python	clean
src/external/python_modules	24d01b41cb38fafc810cdd27562224c4014a4761	DETACHED	git@github.com:darlinghq/darling-python_modules	clean
src/external/remote_cmds	3bb9f88724726d0d3073c04dfdc4785564113341	DETACHED	git@github.com:darlinghq/darling-remote_cmds	clean
src/external/removefile	3cd493871f27130f9cf64c31daab9cca2ee17726	DETACHED	git@github.com:darlinghq/darling-removefile	clean
src/external/rsync	316c5b6b2780a28179f692f3fc0d63ebc2985705	DETACHED	git@github.com:darlinghq/darling-rsync	clean
src/external/ruby	423f2439478d2e24d7c19b2e0ea4a67ee3e80c3d	DETACHED	git@github.com:darlinghq/darling-ruby	clean
src/external/screen	4bed52587563ede850bf9ff834567478ac1e616b	DETACHED	git@github.com:darlinghq/darling-screen	clean
src/external/security	3cfffcf2c5b5900169c964facdf42cc05c23005c	DETACHED	git@github.com:darlinghq/darling-security	clean
src/external/shell_cmds	5191dabbeff0aec230fc1275bae1653281ba52b2	DETACHED	git@github.com:darlinghq/darling-shell_cmds	clean
src/external/sqlite	3472e2568cb7fcc25fe91af80da8d2fe884d9ac0	DETACHED	git@github.com:darlinghq/darling-sqlite	clean
src/external/swift	471514f4b4985a604b192e1facac9bbc53dedad3	DETACHED	git@github.com:darlinghq/darling-swift	clean
src/external/syslog	36ab27964cac4affe3907a598047bd21b8958919	DETACHED	git@github.com:darlinghq/darling-syslog	clean
src/external/system_cmds	b01129f3dc0ecab524dbd0fd08e29ec9f0e18196	DETACHED	git@github.com:darlinghq/darling-system_cmds	clean
src/external/tcsh	7737644ec31303be19c533aab093209f3458e060	DETACHED	git@github.com:darlinghq/darling-tcsh	clean
src/external/text_cmds	3edd740c82b8b87c17ec9cfaae7606f6176626df	DETACHED	git@github.com:darlinghq/darling-text_cmds	clean
src/external/top	4e27f81b5cfeef9d31d8fe5d938a80d26cca9ab5	DETACHED	git@github.com:darlinghq/darling-top	clean
src/external/usertemplate	5f8cca97aa03ff9290d6ccc0a4d185aa1a913875	DETACHED	git@github.com:darlinghq/darling-usertemplate	clean
src/external/vim	7f8da1dd66fc8f0654ebfa597b6013c8cf15185a	DETACHED	git@github.com:darlinghq/darling-vim	clean
src/external/xar	887bd4f42eb4ac9139a7f621b5811065aa86f3e3	DETACHED	git@github.com:darlinghq/darling-xar	clean
src/external/xcbuild	a903c6952fc5617816113cbb7b551ac701dba2ff	DETACHED	git@github.com:darlinghq/xcbuild	clean
src/external/xcbuild/ThirdParty/googletest	a2b8a8e07628e5fd60644b6dd99c1b5e7d7f1f47	DETACHED	git@github.com:google/googletest	clean
src/external/xcbuild/ThirdParty/linenoise	c894b9e59f02203dbe4e2be657572cf88c4230c3	DETACHED	git@github.com:antirez/linenoise	clean
src/external/xnu	f3e71f3997a898ea7962e43dfad32c500efae97e	DETACHED	git@github.com:darling-next/darling-xnu	clean
src/external/zip	caf41ebbc3ebab0250e4d13aa42221ef91a9802c	DETACHED	git@github.com:darlinghq/darling-zip	clean
src/external/zlib	677de9b1c2bea1e428f56d8fc63300aa471eaf99	DETACHED	git@github.com:darlinghq/darling-zlib	clean
src/external/zsh	4a7a6ebf6216395c7db698a4993db16e484aa54d	DETACHED	git@github.com:darlinghq/darling-zsh	clean
